{"avg_length": 1.8992248062015504, "length_dist": [[1, 179], [2, 117], [3, 42], [4, 49]], "diff_strict": 208.0, "diff_lax": 0.0, "error_strict": 0.537467700258398, "error_lax": 0.0, "diff_original": 105}