{"avg_length": 1.0, "length_dist": [[1, 385]], "diff_strict": 3.0, "diff_lax": 3.0, "error_strict": 0.007751937984496124, "error_lax": 0.007751937984496124, "diff_original": 3}