{"avg_length": 1.3410852713178294, "length_dist": [[1, 255], [2, 132]], "diff_strict": 132.0, "diff_lax": 0.0, "error_strict": 0.34108527131782945, "error_lax": 0.0, "diff_original": 58}