{"avg_length": 1.9354005167958657, "length_dist": [[1, 165], [2, 125], [3, 54], [4, 43]], "diff_strict": 222.0, "diff_lax": 0.0, "error_strict": 0.5736434108527132, "error_lax": 0.0, "diff_original": 139}