{"avg_length": 1.3204134366925064, "length_dist": [[1, 263], [2, 124]], "diff_strict": 125.0, "diff_lax": 2.0, "error_strict": 0.32299741602067183, "error_lax": 0.00516795865633075, "diff_original": 71}