{"avg_length": 1.930232558139535, "length_dist": [[1, 156], [2, 146], [3, 41], [4, 44]], "diff_strict": 231.0, "diff_lax": 0.0, "error_strict": 0.5968992248062015, "error_lax": 0.0, "diff_original": 125}