{"avg_length": 1.3540051679586564, "length_dist": [[1, 250], [2, 137]], "diff_strict": 137.0, "diff_lax": 0.0, "error_strict": 0.35400516795865633, "error_lax": 0.0, "diff_original": 59}