{"avg_length": 1.8863049095607236, "length_dist": [[1, 149], [2, 168], [3, 35], [4, 35]], "diff_strict": 238.0, "diff_lax": 0.0, "error_strict": 0.6149870801033591, "error_lax": 0.0, "diff_original": 125}