{"avg_length": 1.3824289405684755, "length_dist": [[1, 239], [2, 148]], "diff_strict": 148.0, "diff_lax": 0.0, "error_strict": 0.38242894056847543, "error_lax": 0.0, "diff_original": 74}