{"avg_length": 1.8242894056847545, "length_dist": [[1, 178], [2, 137], [3, 34], [4, 38]], "diff_strict": 209.0, "diff_lax": 0.0, "error_strict": 0.5400516795865633, "error_lax": 0.0, "diff_original": 122}