{"avg_length": 1.0, "length_dist": [[1, 386]], "diff_strict": 1.0, "diff_lax": 1.0, "error_strict": 0.002583979328165375, "error_lax": 0.002583979328165375, "diff_original": 1}