{"avg_length": 1.317829457364341, "length_dist": [[1, 264], [2, 123]], "diff_strict": 123.0, "diff_lax": 0.0, "error_strict": 0.3178294573643411, "error_lax": 0.0, "diff_original": 65}