{"avg_length": 1.9638242894056848, "length_dist": [[1, 162], [2, 132], [3, 38], [4, 55]], "diff_strict": 225.0, "diff_lax": 0.0, "error_strict": 0.5813953488372093, "error_lax": 0.0, "diff_original": 114}