{"avg_length": 1.3695090439276485, "length_dist": [[1, 244], [2, 143]], "diff_strict": 143.0, "diff_lax": 0.0, "error_strict": 0.3695090439276486, "error_lax": 0.0, "diff_original": 57}