{"avg_length": 1.8837209302325582, "length_dist": [[1, 168], [2, 131], [3, 53], [4, 35]], "diff_strict": 219.0, "diff_lax": 0.0, "error_strict": 0.5658914728682171, "error_lax": 0.0, "diff_original": 121}