{"avg_length": 1.0, "length_dist": [[1, 387]], "diff_strict": 2.0, "diff_lax": 2.0, "error_strict": 0.00516795865633075, "error_lax": 0.00516795865633075, "diff_original": 2}