{"avg_length": 1.930232558139535, "length_dist": [[1, 162], [2, 140], [3, 35], [4, 50]], "diff_strict": 225.0, "diff_lax": 0.0, "error_strict": 0.5813953488372093, "error_lax": 0.0, "diff_original": 119}