{"avg_length": 1.372093023255814, "length_dist": [[1, 243], [2, 144]], "diff_strict": 144.0, "diff_lax": 0.0, "error_strict": 0.37209302325581395, "error_lax": 0.0, "diff_original": 61}