{"avg_length": 1.8708010335917313, "length_dist": [[1, 178], [2, 121], [3, 48], [4, 40]], "diff_strict": 209.0, "diff_lax": 0.0, "error_strict": 0.5400516795865633, "error_lax": 0.0, "diff_original": 112}