{"avg_length": 1.322997416020672, "length_dist": [[1, 262], [2, 125]], "diff_strict": 125.0, "diff_lax": 0.0, "error_strict": 0.32299741602067183, "error_lax": 0.0, "diff_original": 58}