{"avg_length": 1.8397932816537468, "length_dist": [[1, 170], [2, 145], [3, 36], [4, 36]], "diff_strict": 217.0, "diff_lax": 0.0, "error_strict": 0.5607235142118863, "error_lax": 0.0, "diff_original": 110}