{"avg_length": 1.9317269076305221, "length_dist": [[1, 629], [2, 511], [3, 181], [4, 173]], "diff_strict": 865.0, "diff_lax": 0.0, "error_strict": 0.5789825970548862, "error_lax": 0.0, "diff_original": 491}