{"avg_length": 1.0, "length_dist": [[1, 1493]], "diff_strict": 4.0, "diff_lax": 4.0, "error_strict": 0.002677376171352075, "error_lax": 0.002677376171352075, "diff_original": 4}