{"avg_length": 1.3460508701472558, "length_dist": [[1, 977], [2, 517]], "diff_strict": 520.0, "diff_lax": 6.0, "error_strict": 0.34805890227576974, "error_lax": 0.004016064257028112, "diff_original": 257}