{"avg_length": 1.9029451137884872, "length_dist": [[1, 654], [2, 507], [3, 157], [4, 176]], "diff_strict": 840.0, "diff_lax": 0.0, "error_strict": 0.5622489959839357, "error_lax": 0.0, "diff_original": 472}