{"avg_length": 1.0, "length_dist": [[1, 1491]], "diff_strict": 7.0, "diff_lax": 7.0, "error_strict": 0.004685408299866131, "error_lax": 0.004685408299866131, "diff_original": 7}