{"avg_length": 1.3545576407506703, "length_dist": [[1, 963], [2, 529]], "diff_strict": 534.0, "diff_lax": 5.0, "error_strict": 0.357429718875502, "error_lax": 0.0033467202141900937, "diff_original": 260}