{"avg_length": 1.9136546184738956, "length_dist": [[1, 633], [2, 532], [3, 154], [4, 175]], "diff_strict": 862.0, "diff_lax": 2.0, "error_strict": 0.5769745649263721, "error_lax": 0.0013386880856760374, "diff_original": 473}