{"avg_length": 1.3621151271753682, "length_dist": [[1, 953], [2, 541]], "diff_strict": 544.0, "diff_lax": 6.0, "error_strict": 0.36412315930388217, "error_lax": 0.004016064257028112, "diff_original": 271}