{"avg_length": 1.9022757697456492, "length_dist": [[1, 641], [2, 528], [3, 155], [4, 170]], "diff_strict": 853.0, "diff_lax": 0.0, "error_strict": 0.57095046854083, "error_lax": 0.0, "diff_original": 478}