{"avg_length": 1.3386880856760375, "length_dist": [[1, 988], [2, 506]], "diff_strict": 506.0, "diff_lax": 0.0, "error_strict": 0.3386880856760375, "error_lax": 0.0, "diff_original": 248}