{"avg_length": 1.8585790884718498, "length_dist": [[1, 652], [2, 540], [3, 159], [4, 141]], "diff_strict": 843.0, "diff_lax": 5.0, "error_strict": 0.5642570281124498, "error_lax": 0.0033467202141900937, "diff_original": 448}