{"avg_length": 1.0, "length_dist": [[1, 1494]], "diff_strict": 2.0, "diff_lax": 2.0, "error_strict": 0.0013386880856760374, "error_lax": 0.0013386880856760374, "diff_original": 2}