{"avg_length": 1.3451742627345844, "length_dist": [[1, 977], [2, 515]], "diff_strict": 518.0, "diff_lax": 3.0, "error_strict": 0.3467202141900937, "error_lax": 0.002008032128514056, "diff_original": 241}