{"avg_length": 1.8647019423978566, "length_dist": [[1, 670], [2, 503], [3, 172], [4, 148]], "diff_strict": 824.0, "diff_lax": 2.0, "error_strict": 0.5515394912985274, "error_lax": 0.0013386880856760374, "diff_original": 447}