{"avg_length": 1.0, "length_dist": [[1, 1492]], "diff_strict": 6.0, "diff_lax": 6.0, "error_strict": 0.004016064257028112, "error_lax": 0.004016064257028112, "diff_original": 6}