{"avg_length": 1.322623828647925, "length_dist": [[1, 1012], [2, 482]], "diff_strict": 484.0, "diff_lax": 2.0, "error_strict": 0.32396251673360105, "error_lax": 0.0013386880856760374, "diff_original": 235}