{"avg_length": 1.9162759544541192, "length_dist": [[1, 647], [2, 498], [3, 174], [4, 174]], "diff_strict": 848.0, "diff_lax": 2.0, "error_strict": 0.5676037483266398, "error_lax": 0.0013386880856760374, "diff_original": 499}