{"avg_length": 1.0, "length_dist": [[1, 1490]], "diff_strict": 11.0, "diff_lax": 11.0, "error_strict": 0.007362784471218206, "error_lax": 0.007362784471218206, "diff_original": 11}