{"avg_length": 1.35475234270415, "length_dist": [[1, 964], [2, 530]], "diff_strict": 530.0, "diff_lax": 0.0, "error_strict": 0.35475234270414996, "error_lax": 0.0, "diff_original": 270}