{"avg_length": 1.898861352980576, "length_dist": [[1, 664], [2, 477], [3, 191], [4, 161]], "diff_strict": 830.0, "diff_lax": 1.0, "error_strict": 0.5555555555555556, "error_lax": 0.0006693440428380187, "diff_original": 489}