{"avg_length": 1.0, "length_dist": [[1, 1493]], "diff_strict": 3.0, "diff_lax": 3.0, "error_strict": 0.002008032128514056, "error_lax": 0.002008032128514056, "diff_original": 3}