{"avg_length": 1.9202412868632708, "length_dist": [[1, 647], [2, 492], [3, 178], [4, 175]], "diff_strict": 847.0, "diff_lax": 3.0, "error_strict": 0.5669344042838019, "error_lax": 0.002008032128514056, "diff_original": 473}