{"avg_length": 1.0, "length_dist": [[1, 1491]], "diff_strict": 5.0, "diff_lax": 5.0, "error_strict": 0.0033467202141900937, "error_lax": 0.0033467202141900937, "diff_original": 5}