{"avg_length": 1.3406961178045516, "length_dist": [[1, 985], [2, 509]], "diff_strict": 510.0, "diff_lax": 2.0, "error_strict": 0.3413654618473896, "error_lax": 0.0013386880856760374, "diff_original": 241}