{"avg_length": 1.928380187416332, "length_dist": [[1, 640], [2, 501], [3, 173], [4, 180]], "diff_strict": 854.0, "diff_lax": 0.0, "error_strict": 0.571619812583668, "error_lax": 0.0, "diff_original": 486}