{"avg_length": 1.3453815261044177, "length_dist": [[1, 978], [2, 516]], "diff_strict": 516.0, "diff_lax": 0.0, "error_strict": 0.3453815261044177, "error_lax": 0.0, "diff_original": 253}