{"avg_length": 1.9168638053396418, "length_dist": [[1, 1271], [2, 996], [3, 359], [4, 333]], "diff_strict": 1688.0, "diff_lax": 0.0, "error_strict": 0.5704629942548158, "error_lax": 0.0, "diff_original": 962}