{"avg_length": 1.0, "length_dist": [[1, 2955]], "diff_strict": 7.0, "diff_lax": 7.0, "error_strict": 0.0023656640757012504, "error_lax": 0.0023656640757012504, "diff_original": 7}