{"avg_length": 1.3488843813387423, "length_dist": [[1, 1926], [2, 1032]], "diff_strict": 1034.0, "diff_lax": 2.0, "error_strict": 0.34944237918215615, "error_lax": 0.0006759040216289286, "diff_original": 502}