{"avg_length": 1.903345724907063, "length_dist": [[1, 1250], [2, 1046], [3, 362], [4, 301]], "diff_strict": 1709.0, "diff_lax": 0.0, "error_strict": 0.5775599864819195, "error_lax": 0.0, "diff_original": 952}