{"avg_length": 1.3477526191280838, "length_dist": [[1, 1930], [2, 1029]], "diff_strict": 1029.0, "diff_lax": 0.0, "error_strict": 0.3477526191280838, "error_lax": 0.0, "diff_original": 510}