{"avg_length": 1.902974983096687, "length_dist": [[1, 1267], [2, 1039], [3, 324], [4, 328]], "diff_strict": 1693.0, "diff_lax": 2.0, "error_strict": 0.5721527543088881, "error_lax": 0.0006759040216289286, "diff_original": 944}