{"avg_length": 1.0, "length_dist": [[1, 2957]], "diff_strict": 9.0, "diff_lax": 9.0, "error_strict": 0.003041568097330179, "error_lax": 0.003041568097330179, "diff_original": 9}