{"avg_length": 1.3380662609871534, "length_dist": [[1, 1958], [2, 1000]], "diff_strict": 1004.0, "diff_lax": 7.0, "error_strict": 0.3393038188577222, "error_lax": 0.0023656640757012504, "diff_original": 498}