{"avg_length": 1.9032476319350473, "length_dist": [[1, 1264], [2, 1026], [3, 354], [4, 312]], "diff_strict": 1695.0, "diff_lax": 3.0, "error_strict": 0.5728286583305171, "error_lax": 0.001013856032443393, "diff_original": 981}