{"avg_length": 1.0, "length_dist": [[1, 2952]], "diff_strict": 10.0, "diff_lax": 10.0, "error_strict": 0.0033795201081446434, "error_lax": 0.0033795201081446434, "diff_original": 10}