{"avg_length": 1.3368278660804869, "length_dist": [[1, 1961], [2, 996]], "diff_strict": 999.0, "diff_lax": 3.0, "error_strict": 0.33761405880364986, "error_lax": 0.001013856032443393, "diff_original": 498}