{"avg_length": 1.8969246367015884, "length_dist": [[1, 1298], [2, 1004], [3, 321], [4, 336]], "diff_strict": 1661.0, "diff_lax": 0.0, "error_strict": 0.5613382899628253, "error_lax": 0.0, "diff_original": 917}