{"avg_length": 1.0, "length_dist": [[1, 2952]], "diff_strict": 15.0, "diff_lax": 15.0, "error_strict": 0.005069280162216965, "error_lax": 0.005069280162216965, "diff_original": 15}