{"avg_length": 1.3431372549019607, "length_dist": [[1, 1943], [2, 1015]], "diff_strict": 1020.0, "diff_lax": 8.0, "error_strict": 0.3447110510307536, "error_lax": 0.0027036160865157146, "diff_original": 488}