{"avg_length": 1.928016221696519, "length_dist": [[1, 1279], [2, 982], [3, 330], [4, 368]], "diff_strict": 1680.0, "diff_lax": 0.0, "error_strict": 0.5677593781683001, "error_lax": 0.0, "diff_original": 910}