{"avg_length": 1.3427991886409736, "length_dist": [[1, 1944], [2, 1014]], "diff_strict": 1015.0, "diff_lax": 1.0, "error_strict": 0.3430212909766813, "error_lax": 0.0003379520108144643, "diff_original": 492}