{"avg_length": 1.8918553565393714, "length_dist": [[1, 1276], [2, 1040], [3, 330], [4, 313]], "diff_strict": 1683.0, "diff_lax": 0.0, "error_strict": 0.5687732342007435, "error_lax": 0.0, "diff_original": 911}