{"avg_length": 1.3387423935091278, "length_dist": [[1, 1956], [2, 1002]], "diff_strict": 1009.0, "diff_lax": 8.0, "error_strict": 0.34099357891179455, "error_lax": 0.0027036160865157146, "diff_original": 491}