{"avg_length": 1.9050033806626099, "length_dist": [[1, 1310], [2, 967], [3, 333], [4, 348]], "diff_strict": 1650.0, "diff_lax": 2.0, "error_strict": 0.5576208178438662, "error_lax": 0.0006759040216289286, "diff_original": 907}