{"avg_length": 1.0, "length_dist": [[1, 2958]], "diff_strict": 4.0, "diff_lax": 4.0, "error_strict": 0.0013518080432578573, "error_lax": 0.0013518080432578573, "diff_original": 4}