{"avg_length": 1.3359242987495776, "length_dist": [[1, 1965], [2, 994]], "diff_strict": 996.0, "diff_lax": 2.0, "error_strict": 0.3366002027712065, "error_lax": 0.0006759040216289286, "diff_original": 460}