{"avg_length": 1.8867860763771545, "length_dist": [[1, 1303], [2, 1006], [3, 332], [4, 318]], "diff_strict": 1656.0, "diff_lax": 2.0, "error_strict": 0.5596485299087529, "error_lax": 0.0006759040216289286, "diff_original": 893}