{"avg_length": 1.0, "length_dist": [[1, 2953]], "diff_strict": 14.0, "diff_lax": 14.0, "error_strict": 0.004731328151402501, "error_lax": 0.004731328151402501, "diff_original": 14}