{"avg_length": 1.3333333333333333, "length_dist": [[1, 1972], [2, 986]], "diff_strict": 994.0, "diff_lax": 8.0, "error_strict": 0.3359242987495776, "error_lax": 0.0027036160865157146, "diff_original": 474}