{"avg_length": 1.938154782020953, "length_dist": [[1, 1229], [2, 1035], [3, 344], [4, 351]], "diff_strict": 1730.0, "diff_lax": 0.0, "error_strict": 0.5846569787090233, "error_lax": 0.0, "diff_original": 948}