{"avg_length": 1.0, "length_dist": [[1, 2954]], "diff_strict": 8.0, "diff_lax": 8.0, "error_strict": 0.0027036160865157146, "error_lax": 0.0027036160865157146, "diff_original": 8}