{"avg_length": 1.3501353179972937, "length_dist": [[1, 1921], [2, 1035]], "diff_strict": 1042.0, "diff_lax": 7.0, "error_strict": 0.35214599526867185, "error_lax": 0.0023656640757012504, "diff_original": 489}